{"accuracy_score": 0.7, "precision_score": 0.6666666666666666, "recall_score": 0.7142857142857143, "f1_score": 0.689655172413793}