{"accuracy_score": 0.8, "precision_score": 0.7857142857142857, "recall_score": 0.7857142857142857, "f1_score": 0.7857142857142857}