{"accuracy_score": 0.7333333333333333, "precision_score": 0.6875, "recall_score": 0.7857142857142857, "f1_score": 0.7333333333333334}